-- phpMyAdmin SQL Dump
-- version 5.1.0
-- https://www.phpmyadmin.net/
--
-- Host: mysql5045.site4now.net
-- Generation Time: Jun 24, 2021 at 08:47 AM
-- Server version: 8.0.22
-- PHP Version: 8.0.1

SET SQL_MODE = "NO_AUTO_VALUE_ON_ZERO";
START TRANSACTION;
SET time_zone = "+00:00";


/*!40101 SET @OLD_CHARACTER_SET_CLIENT=@@CHARACTER_SET_CLIENT */;
/*!40101 SET @OLD_CHARACTER_SET_RESULTS=@@CHARACTER_SET_RESULTS */;
/*!40101 SET @OLD_COLLATION_CONNECTION=@@COLLATION_CONNECTION */;
/*!40101 SET NAMES utf8mb4 */;

--
-- Database: `db_a74811_sail`
--

-- --------------------------------------------------------

--
-- Table structure for table `arrivalstatus`
--

CREATE TABLE `arrivalstatus` (
  `ArrivalStatusID` int NOT NULL,
  `ArrivalStatusName` varchar(11) NOT NULL
) ENGINE=InnoDB DEFAULT CHARSET=utf8;

--
-- Dumping data for table `arrivalstatus`
--

INSERT INTO `arrivalstatus` (`ArrivalStatusID`, `ArrivalStatusName`) VALUES
(2, 'Arrived'),
(1, 'N/A'),
(3, 'Not Arrived');

-- --------------------------------------------------------

--
-- Table structure for table `availableboat`
--

CREATE TABLE `availableboat` (
  `AvailableBoatID` int NOT NULL,
  `BoatID` int NOT NULL,
  `BoatNumber` int NOT NULL
) ENGINE=InnoDB DEFAULT CHARSET=utf8;

--
-- Dumping data for table `availableboat`
--

INSERT INTO `availableboat` (`AvailableBoatID`, `BoatID`, `BoatNumber`) VALUES
(1, 3, 1),
(2, 3, 2),
(3, 3, 3),
(4, 3, 4),
(5, 3, 5),
(6, 3, 6),
(7, 3, 7),
(8, 3, 8),
(9, 2, 1),
(10, 2, 2),
(11, 1, 1),
(12, 1, 2),
(13, 1, 3);

-- --------------------------------------------------------

--
-- Table structure for table `boat`
--

CREATE TABLE `boat` (
  `BoatID` int NOT NULL,
  `BoatName` varchar(50) NOT NULL,
  `BoatDescription` varchar(500) NOT NULL,
  `BoatImage` varchar(20) NOT NULL,
  `HireDuration` time NOT NULL
) ENGINE=InnoDB DEFAULT CHARSET=utf8;

--
-- Dumping data for table `boat`
--

INSERT INTO `boat` (`BoatID`, `BoatName`, `BoatDescription`, `BoatImage`, `HireDuration`) VALUES
(1, 'Access Dinghy', 'Access Dinghies are designed for sailors who would love to have a go at sailing, but find it too difficult or uninviting to do so. Whether as a recreation, a competition sport or a therapeutic activity, the Access Dinghy design features allow total novices of any ability to sail with little tuition. Our team of instructors will be available for learning to sale.', 'Dinghy.jpg', '00:45:00'),
(2, 'Deben Lugger', 'The Deben Lugger is an 18 inch traditionally styled day boat with lug rig designed and built using up to date technology and materials. Its design makes it a very safe and stable boat This boat can hold up to six people and allows us to take small groups of sailors with their carers. Hoists are also available to transfer sailors safely from the pontoon into the boat and out', 'Lugger.jpg', '00:45:00'),
(3, 'Challenger Trimarans', 'Our largest fleet of boats are Challenger Trimarans. These boats are very stable and comfortable to sail. We help our sailors into the cockpit of the boat on the shore. Our volunteers will help carers with this and we have two Invacare Jasmine battery operated passive sling lifts fitted with lifting attachments to suit both type of commonly used slings. The Buddy then sits alongside the sailor to provide as much help and reassurance as is required.', 'challenger.jpg', '00:30:00');

-- --------------------------------------------------------

--
-- Table structure for table `boattimes`
--

CREATE TABLE `boattimes` (
  `BoatTimeID` int NOT NULL,
  `TimeID` int NOT NULL,
  `BoatID` int NOT NULL
) ENGINE=InnoDB DEFAULT CHARSET=utf8;

--
-- Dumping data for table `boattimes`
--

INSERT INTO `boattimes` (`BoatTimeID`, `TimeID`, `BoatID`) VALUES
(1, 1, 3),
(2, 3, 3),
(3, 5, 3),
(4, 7, 3),
(5, 9, 3),
(6, 11, 3),
(7, 13, 3),
(8, 15, 3),
(9, 17, 3),
(10, 19, 3),
(11, 21, 3),
(12, 23, 3),
(13, 1, 2),
(14, 4, 2),
(15, 7, 2),
(16, 10, 2),
(17, 13, 2),
(18, 16, 2),
(19, 19, 2),
(20, 22, 2),
(21, 1, 1),
(22, 4, 1),
(23, 7, 1),
(24, 10, 1),
(25, 13, 1),
(26, 16, 1),
(27, 19, 1),
(28, 22, 1);

-- --------------------------------------------------------

--
-- Table structure for table `bookedboats`
--

CREATE TABLE `bookedboats` (
  `BookedBoatsID` int NOT NULL,
  `BookingNumber` int DEFAULT NULL,
  `BoatNumber` int DEFAULT NULL,
  `StartTime` datetime DEFAULT NULL,
  `EndTime` datetime DEFAULT NULL,
  `BoatID` int DEFAULT NULL
) ENGINE=InnoDB DEFAULT CHARSET=utf8;

--
-- Dumping data for table `bookedboats`
--

INSERT INTO `bookedboats` (`BookedBoatsID`, `BookingNumber`, `BoatNumber`, `StartTime`, `EndTime`, `BoatID`) VALUES
(0, 0, 1, '2021-01-01 10:00:00', '2021-01-01 10:30:00', 1),
(1, 1, 1, '2021-06-01 10:00:00', '2021-06-01 10:45:00', 1),
(2, 2, 1, '2021-06-08 10:00:00', '2021-06-08 10:30:00', 3),
(3, 3, 1, '2021-06-15 10:00:00', '2021-06-15 10:30:00', 3),
(5, 4, 1, '2021-06-15 10:00:00', '2021-06-15 10:45:00', 1),
(6, 4, 2, '2021-06-15 10:00:00', '2021-06-15 10:45:00', 1),
(7, 5, 1, '2021-09-21 13:30:00', '2021-09-21 14:00:00', 3),
(8, 6, 1, '2021-06-24 10:00:00', '2021-06-24 10:45:00', 1),
(9, 7, 1, '2022-03-01 10:00:00', '2022-03-01 10:45:00', 1),
(10, 7, 2, '2022-03-01 10:00:00', '2022-03-01 10:45:00', 1),
(11, 7, 3, '2022-03-01 10:00:00', '2022-03-01 10:45:00', 1),
(12, 8, 1, '2022-03-01 10:45:00', '2022-03-01 11:30:00', 1);

-- --------------------------------------------------------

--
-- Table structure for table `booking`
--

CREATE TABLE `booking` (
  `BookingNumber` int NOT NULL,
  `BookingCreationDate` date DEFAULT NULL,
  `BookingSailingDate` date DEFAULT NULL,
  `ConfirmationSent` tinyint DEFAULT NULL,
  `ReminderSent` tinyint DEFAULT NULL,
  `Duration` time DEFAULT NULL,
  `UserID` int DEFAULT NULL,
  `QuantityBooked` int DEFAULT NULL,
  `ExtraRequirements` blob,
  `ArrivalStatusName` varchar(11) DEFAULT 'N/A',
  `CancelledStatus` varchar(20) NOT NULL DEFAULT 'Not Cancelled'
) ENGINE=InnoDB DEFAULT CHARSET=utf8;

--
-- Dumping data for table `booking`
--

INSERT INTO `booking` (`BookingNumber`, `BookingCreationDate`, `BookingSailingDate`, `ConfirmationSent`, `ReminderSent`, `Duration`, `UserID`, `QuantityBooked`, `ExtraRequirements`, `ArrivalStatusName`, `CancelledStatus`) VALUES
(0, '2021-01-01', '2021-01-01', 0, 0, '00:00:00', 4, 1, 0x4e6f20726571756972656d656e7473, 'N/A', 'Not Cancelled'),
(1, '2021-05-27', '2021-06-01', 0, 0, '00:45:00', 4, 1, 0x3c7461626c65207374796c653d22626f726465722d636f6c6c617073653a20636f6c6c617073653b2077696474683a20313030253b2220626f726465723d2231223e0d0a3c74626f64793e0d0a3c74723e0d0a3c7464207374796c653d2277696474683a2032322e39363937253b223e43617265723c2f74643e0d0a3c7464207374796c653d2277696474683a2032322e39363937253b223e4361726572313c2f74643e0d0a3c7464207374796c653d2277696474683a2032322e39363937253b223e634152455220323c2f74643e0d0a3c7464207374796c653d2277696474683a2032322e39363937253b223e436172657220333c2f74643e0d0a3c2f74723e0d0a3c74723e0d0a3c7464207374796c653d2277696474683a2032322e39363937253b223e436c69656e743c2f74643e0d0a3c7464207374796c653d2277696474683a2032322e39363937253b223e506572736f6e20313c2f74643e0d0a3c7464207374796c653d2277696474683a2032322e39363937253b223e506572736f6e20323c2f74643e0d0a3c7464207374796c653d2277696474683a2032322e39363937253b223e506572736f6e20333c2f74643e0d0a3c2f74723e0d0a3c2f74626f64793e0d0a3c2f7461626c653e, 'N/A', 'Not Cancelled'),
(2, '2021-06-07', '2021-06-08', 0, 0, '00:30:00', 4, 1, 0x4e6f20726571756972656d656e7473, 'N/A', 'Not Cancelled'),
(3, '2021-06-08', '2021-06-15', 0, 0, '00:30:00', 4, 1, 0x3c7461626c6520636c6173733d224d736f5461626c654772696422207374796c653d22626f726465722d636f6c6c617073653a20636f6c6c617073653b20626f726465723a206e6f6e653b206d736f2d626f726465722d616c743a20736f6c69642077696e646f7774657874202e3570743b206d736f2d796674692d74626c6c6f6f6b3a20313138343b206d736f2d70616464696e672d616c743a2030636d20352e3470742030636d20352e3470743b2220626f726465723d2231222063656c6c73706163696e673d2230222063656c6c70616464696e673d2230223e0d0a3c74626f64793e0d0a3c7472207374796c653d226d736f2d796674692d69726f773a20303b206d736f2d796674692d6669727374726f773a207965733b223e0d0a3c7464207374796c653d2277696474683a203135302e323570743b20626f726465723a20736f6c69642077696e646f777465787420312e3070743b206d736f2d626f726465722d616c743a20736f6c69642077696e646f7774657874202e3570743b2070616464696e673a2030636d20352e3470742030636d20352e3470743b222076616c69676e3d22746f70222077696474683d22323030223e0d0a3c7020636c6173733d224d736f4e6f726d616c22207374796c653d226d617267696e2d626f74746f6d3a2030636d3b206c696e652d6865696768743a206e6f726d616c3b223e5573657220313c2f703e0d0a3c2f74643e0d0a3c7464207374796c653d2277696474683a203135302e3370743b20626f726465723a20736f6c69642077696e646f777465787420312e3070743b20626f726465722d6c6566743a206e6f6e653b206d736f2d626f726465722d6c6566742d616c743a20736f6c69642077696e646f7774657874202e3570743b206d736f2d626f726465722d616c743a20736f6c69642077696e646f7774657874202e3570743b2070616464696e673a2030636d20352e3470742030636d20352e3470743b222076616c69676e3d22746f70222077696474683d22323030223e0d0a3c7020636c6173733d224d736f4e6f726d616c22207374796c653d226d617267696e2d626f74746f6d3a2030636d3b206c696e652d6865696768743a206e6f726d616c3b223e436172657220313c2f703e0d0a3c2f74643e0d0a3c2f74723e0d0a3c7472207374796c653d226d736f2d796674692d69726f773a20313b223e0d0a3c7464207374796c653d2277696474683a203135302e323570743b20626f726465723a20736f6c69642077696e646f777465787420312e3070743b20626f726465722d746f703a206e6f6e653b206d736f2d626f726465722d746f702d616c743a20736f6c69642077696e646f7774657874202e3570743b206d736f2d626f726465722d616c743a20736f6c69642077696e646f7774657874202e3570743b2070616464696e673a2030636d20352e3470742030636d20352e3470743b222076616c69676e3d22746f70222077696474683d22323030223e0d0a3c7020636c6173733d224d736f4e6f726d616c22207374796c653d226d617267696e2d626f74746f6d3a2030636d3b206c696e652d6865696768743a206e6f726d616c3b223e5573657220313c2f703e0d0a3c2f74643e0d0a3c7464207374796c653d2277696474683a203135302e3370743b20626f726465722d746f703a206e6f6e653b20626f726465722d6c6566743a206e6f6e653b20626f726465722d626f74746f6d3a20736f6c69642077696e646f777465787420312e3070743b20626f726465722d72696768743a20736f6c69642077696e646f777465787420312e3070743b206d736f2d626f726465722d746f702d616c743a20736f6c69642077696e646f7774657874202e3570743b206d736f2d626f726465722d6c6566742d616c743a20736f6c69642077696e646f7774657874202e3570743b206d736f2d626f726465722d616c743a20736f6c69642077696e646f7774657874202e3570743b2070616464696e673a2030636d20352e3470742030636d20352e3470743b222076616c69676e3d22746f70222077696474683d22323030223e0d0a3c7020636c6173733d224d736f4e6f726d616c22207374796c653d226d617267696e2d626f74746f6d3a2030636d3b206c696e652d6865696768743a206e6f726d616c3b223e436172657220313c2f703e0d0a3c2f74643e0d0a3c2f74723e0d0a3c7472207374796c653d226d736f2d796674692d69726f773a20323b206d736f2d796674692d6c617374726f773a207965733b223e0d0a3c7464207374796c653d2277696474683a203135302e323570743b20626f726465723a20736f6c69642077696e646f777465787420312e3070743b20626f726465722d746f703a206e6f6e653b206d736f2d626f726465722d746f702d616c743a20736f6c69642077696e646f7774657874202e3570743b206d736f2d626f726465722d616c743a20736f6c69642077696e646f7774657874202e3570743b2070616464696e673a2030636d20352e3470742030636d20352e3470743b222076616c69676e3d22746f70222077696474683d22323030223e0d0a3c7020636c6173733d224d736f4e6f726d616c22207374796c653d226d617267696e2d626f74746f6d3a2030636d3b206c696e652d6865696768743a206e6f726d616c3b223e5573657220313c2f703e0d0a3c2f74643e0d0a3c7464207374796c653d2277696474683a203135302e3370743b20626f726465722d746f703a206e6f6e653b20626f726465722d6c6566743a206e6f6e653b20626f726465722d626f74746f6d3a20736f6c69642077696e646f777465787420312e3070743b20626f726465722d72696768743a20736f6c69642077696e646f777465787420312e3070743b206d736f2d626f726465722d746f702d616c743a20736f6c69642077696e646f7774657874202e3570743b206d736f2d626f726465722d6c6566742d616c743a20736f6c69642077696e646f7774657874202e3570743b206d736f2d626f726465722d616c743a20736f6c69642077696e646f7774657874202e3570743b2070616464696e673a2030636d20352e3470742030636d20352e3470743b222076616c69676e3d22746f70222077696474683d22323030223e0d0a3c7020636c6173733d224d736f4e6f726d616c22207374796c653d226d617267696e2d626f74746f6d3a2030636d3b206c696e652d6865696768743a206e6f726d616c3b223e436172657220313c2f703e0d0a3c2f74643e0d0a3c2f74723e0d0a3c2f74626f64793e0d0a3c2f7461626c653e0d0a3c7020636c6173733d224d736f4e6f726d616c223e266e6273703b3c2f703e, 'N/A', 'Not Cancelled'),
(4, '2021-06-08', '2021-06-15', 0, 0, '00:45:00', 10, 2, 0x4e6f20726571756972656d656e7473, 'N/A', 'Not Cancelled'),
(5, '2021-06-17', '2021-09-21', 0, 0, '00:30:00', 4, 1, 0x4e6f20726571756972656d656e7473, 'N/A', 'Not Cancelled'),
(6, '2021-06-22', '2021-06-24', 0, 0, '00:45:00', 4, 1, 0x3c703e266e6273703b3c2f703e0d0a3c7461626c652077696474683d2231303025222063656c6c73706163696e673d2230222063656c6c70616464696e673d2234223e3c636f6c67726f75703e3c636f6c2077696474683d2236342a22202f3e3c636f6c2077696474683d2236342a22202f3e3c636f6c2077696474683d2236342a22202f3e3c636f6c2077696474683d2236342a22202f3e3c2f636f6c67726f75703e0d0a3c74626f64793e0d0a3c74722076616c69676e3d22746f70223e0d0a3c7464207374796c653d22626f726465722d746f703a2031707820736f6c696420233030303030303b20626f726465722d626f74746f6d3a2031707820736f6c696420233030303030303b20626f726465722d6c6566743a2031707820736f6c696420233030303030303b20626f726465722d72696768743a206e6f6e653b2070616464696e673a20302e31636d2030636d20302e31636d20302e31636d3b222077696474683d22323525223e0d0a3c70207374796c653d226d617267696e2d626f74746f6d3a20302e3235636d3b206c696e652d6865696768743a20312e313570783b206261636b67726f756e642d696d6167653a20696e697469616c3b206261636b67726f756e642d706f736974696f6e3a20696e697469616c3b206261636b67726f756e642d73697a653a20696e697469616c3b206261636b67726f756e642d7265706561743a20696e697469616c3b206261636b67726f756e642d6174746163686d656e743a20696e697469616c3b206261636b67726f756e642d6f726967696e3a20696e697469616c3b206261636b67726f756e642d636c69703a20696e697469616c3b223e557365723c2f703e0d0a3c2f74643e0d0a3c7464207374796c653d22626f726465722d746f703a2031707820736f6c696420233030303030303b20626f726465722d626f74746f6d3a2031707820736f6c696420233030303030303b20626f726465722d6c6566743a2031707820736f6c696420233030303030303b20626f726465722d72696768743a206e6f6e653b2070616464696e673a20302e31636d2030636d20302e31636d20302e31636d3b222077696474683d22323525223e0d0a3c70207374796c653d226d617267696e2d626f74746f6d3a20302e3235636d3b206c696e652d6865696768743a20312e313570783b206261636b67726f756e642d696d6167653a20696e697469616c3b206261636b67726f756e642d706f736974696f6e3a20696e697469616c3b206261636b67726f756e642d73697a653a20696e697469616c3b206261636b67726f756e642d7265706561743a20696e697469616c3b206261636b67726f756e642d6174746163686d656e743a20696e697469616c3b206261636b67726f756e642d6f726967696e3a20696e697469616c3b206261636b67726f756e642d636c69703a20696e697469616c3b223e55736572323c2f703e0d0a3c2f74643e0d0a3c7464207374796c653d22626f726465722d746f703a2031707820736f6c696420233030303030303b20626f726465722d626f74746f6d3a2031707820736f6c696420233030303030303b20626f726465722d6c6566743a2031707820736f6c696420233030303030303b20626f726465722d72696768743a206e6f6e653b2070616464696e673a20302e31636d2030636d20302e31636d20302e31636d3b222077696474683d22323525223e0d0a3c70207374796c653d226d617267696e2d626f74746f6d3a20302e3235636d3b206c696e652d6865696768743a20312e313570783b206261636b67726f756e642d696d6167653a20696e697469616c3b206261636b67726f756e642d706f736974696f6e3a20696e697469616c3b206261636b67726f756e642d73697a653a20696e697469616c3b206261636b67726f756e642d7265706561743a20696e697469616c3b206261636b67726f756e642d6174746163686d656e743a20696e697469616c3b206261636b67726f756e642d6f726967696e3a20696e697469616c3b206261636b67726f756e642d636c69703a20696e697469616c3b223e55736572333c2f703e0d0a3c2f74643e0d0a3c7464207374796c653d22626f726465723a2031707820736f6c696420233030303030303b2070616464696e673a20302e31636d3b222077696474683d22323525223e0d0a3c70207374796c653d226d617267696e2d626f74746f6d3a20302e3235636d3b206c696e652d6865696768743a20312e313570783b206261636b67726f756e642d696d6167653a20696e697469616c3b206261636b67726f756e642d706f736974696f6e3a20696e697469616c3b206261636b67726f756e642d73697a653a20696e697469616c3b206261636b67726f756e642d7265706561743a20696e697469616c3b206261636b67726f756e642d6174746163686d656e743a20696e697469616c3b206261636b67726f756e642d6f726967696e3a20696e697469616c3b206261636b67726f756e642d636c69703a20696e697469616c3b223e55736572343c2f703e0d0a3c2f74643e0d0a3c2f74723e0d0a3c74722076616c69676e3d22746f70223e0d0a3c7464207374796c653d22626f726465722d746f703a206e6f6e653b20626f726465722d626f74746f6d3a2031707820736f6c696420233030303030303b20626f726465722d6c6566743a2031707820736f6c696420233030303030303b20626f726465722d72696768743a206e6f6e653b2070616464696e673a2030636d2030636d20302e31636d20302e31636d3b222077696474683d22323525223e0d0a3c70207374796c653d226d617267696e2d626f74746f6d3a20302e3235636d3b206c696e652d6865696768743a20312e313570783b206261636b67726f756e642d696d6167653a20696e697469616c3b206261636b67726f756e642d706f736974696f6e3a20696e697469616c3b206261636b67726f756e642d73697a653a20696e697469616c3b206261636b67726f756e642d7265706561743a20696e697469616c3b206261636b67726f756e642d6174746163686d656e743a20696e697469616c3b206261636b67726f756e642d6f726967696e3a20696e697469616c3b206261636b67726f756e642d636c69703a20696e697469616c3b223e557365723c2f703e0d0a3c2f74643e0d0a3c7464207374796c653d22626f726465722d746f703a206e6f6e653b20626f726465722d626f74746f6d3a2031707820736f6c696420233030303030303b20626f726465722d6c6566743a2031707820736f6c696420233030303030303b20626f726465722d72696768743a206e6f6e653b2070616464696e673a2030636d2030636d20302e31636d20302e31636d3b222077696474683d22323525223e0d0a3c70207374796c653d226d617267696e2d626f74746f6d3a20302e3235636d3b206c696e652d6865696768743a20312e313570783b206261636b67726f756e642d696d6167653a20696e697469616c3b206261636b67726f756e642d706f736974696f6e3a20696e697469616c3b206261636b67726f756e642d73697a653a20696e697469616c3b206261636b67726f756e642d7265706561743a20696e697469616c3b206261636b67726f756e642d6174746163686d656e743a20696e697469616c3b206261636b67726f756e642d6f726967696e3a20696e697469616c3b206261636b67726f756e642d636c69703a20696e697469616c3b223e557365723c2f703e0d0a3c2f74643e0d0a3c7464207374796c653d22626f726465722d746f703a206e6f6e653b20626f726465722d626f74746f6d3a2031707820736f6c696420233030303030303b20626f726465722d6c6566743a2031707820736f6c696420233030303030303b20626f726465722d72696768743a206e6f6e653b2070616464696e673a2030636d2030636d20302e31636d20302e31636d3b222077696474683d22323525223e0d0a3c70207374796c653d226d617267696e2d626f74746f6d3a20302e3235636d3b206c696e652d6865696768743a20312e313570783b206261636b67726f756e642d696d6167653a20696e697469616c3b206261636b67726f756e642d706f736974696f6e3a20696e697469616c3b206261636b67726f756e642d73697a653a20696e697469616c3b206261636b67726f756e642d7265706561743a20696e697469616c3b206261636b67726f756e642d6174746163686d656e743a20696e697469616c3b206261636b67726f756e642d6f726967696e3a20696e697469616c3b206261636b67726f756e642d636c69703a20696e697469616c3b223e557365723c2f703e0d0a3c2f74643e0d0a3c7464207374796c653d22626f726465722d746f703a206e6f6e653b20626f726465722d626f74746f6d3a2031707820736f6c696420233030303030303b20626f726465722d6c6566743a2031707820736f6c696420233030303030303b20626f726465722d72696768743a2031707820736f6c696420233030303030303b2070616464696e673a2030636d20302e31636d20302e31636d3b222077696474683d22323525223e0d0a3c70207374796c653d226d617267696e2d626f74746f6d3a20302e3235636d3b206c696e652d6865696768743a20312e313570783b206261636b67726f756e642d696d6167653a20696e697469616c3b206261636b67726f756e642d706f736974696f6e3a20696e697469616c3b206261636b67726f756e642d73697a653a20696e697469616c3b206261636b67726f756e642d7265706561743a20696e697469616c3b206261636b67726f756e642d6174746163686d656e743a20696e697469616c3b206261636b67726f756e642d6f726967696e3a20696e697469616c3b206261636b67726f756e642d636c69703a20696e697469616c3b223e557365723c2f703e0d0a3c2f74643e0d0a3c2f74723e0d0a3c2f74626f64793e0d0a3c2f7461626c653e0d0a3c70207374796c653d226d617267696e2d626f74746f6d3a2030636d3b206c696e652d6865696768743a203170783b206261636b67726f756e642d696d6167653a20696e697469616c3b206261636b67726f756e642d706f736974696f6e3a20696e697469616c3b206261636b67726f756e642d73697a653a20696e697469616c3b206261636b67726f756e642d7265706561743a20696e697469616c3b206261636b67726f756e642d6174746163686d656e743a20696e697469616c3b206261636b67726f756e642d6f726967696e3a20696e697469616c3b206261636b67726f756e642d636c69703a20696e697469616c3b223e266e6273703b3c2f703e, 'N/A', 'Not Cancelled'),
(7, '2021-06-22', '2022-03-01', 0, 0, '00:45:00', 10, 3, 0x4e6f20726571756972656d656e7473, 'N/A', 'Not Cancelled'),
(8, '2021-06-24', '2022-03-01', 0, 0, '00:45:00', 4, 1, 0x4e6f20726571756972656d656e7473, 'N/A', 'Not Cancelled');

-- --------------------------------------------------------

--
-- Table structure for table `day`
--

CREATE TABLE `day` (
  `DayID` int NOT NULL,
  `DayName` varchar(45) NOT NULL
) ENGINE=InnoDB DEFAULT CHARSET=utf8;

--
-- Dumping data for table `day`
--

INSERT INTO `day` (`DayID`, `DayName`) VALUES
(1, 'Tuesday'),
(2, 'Thursday');

-- --------------------------------------------------------

--
-- Table structure for table `newusers`
--

CREATE TABLE `newusers` (
  `id` int NOT NULL,
  `username` varchar(100) NOT NULL,
  `email` varchar(100) NOT NULL,
  `verified` tinyint(1) NOT NULL DEFAULT '0',
  `token` varchar(255) DEFAULT NULL,
  `password` varchar(255) NOT NULL
) ENGINE=MyISAM DEFAULT CHARSET=latin1;

-- --------------------------------------------------------

--
-- Table structure for table `new_table_name`
--

CREATE TABLE `new_table_name` (
  `idtest` int NOT NULL
) ENGINE=InnoDB DEFAULT CHARSET=utf8;

-- --------------------------------------------------------

--
-- Table structure for table `recurringbookings`
--

CREATE TABLE `recurringbookings` (
  `RecurringOptionID` int NOT NULL,
  `RecurringName` varchar(45) NOT NULL
) ENGINE=InnoDB DEFAULT CHARSET=utf8;

--
-- Dumping data for table `recurringbookings`
--

INSERT INTO `recurringbookings` (`RecurringOptionID`, `RecurringName`) VALUES
(1, 'Just this booking');

-- --------------------------------------------------------

--
-- Table structure for table `seasondates`
--

CREATE TABLE `seasondates` (
  `SeasonDatesID` int NOT NULL,
  `SeasonStartDate` date NOT NULL,
  `SeasonEndDate` date NOT NULL
) ENGINE=InnoDB DEFAULT CHARSET=utf8;

--
-- Dumping data for table `seasondates`
--

INSERT INTO `seasondates` (`SeasonDatesID`, `SeasonStartDate`, `SeasonEndDate`) VALUES
(1, '2021-03-01', '2022-10-29');

-- --------------------------------------------------------

--
-- Table structure for table `sparetablefordates`
--

CREATE TABLE `sparetablefordates` (
  `FakeDateID` int NOT NULL
) ENGINE=InnoDB DEFAULT CHARSET=utf8;

--
-- Dumping data for table `sparetablefordates`
--

INSERT INTO `sparetablefordates` (`FakeDateID`) VALUES
(1),
(2),
(3),
(4),
(5),
(6),
(7),
(8),
(9),
(10),
(11),
(12),
(13),
(14),
(15),
(16),
(17),
(18),
(19),
(20),
(21),
(22),
(23),
(24),
(25),
(26),
(27),
(28),
(29),
(30),
(31),
(32),
(33),
(34),
(35),
(36),
(37),
(38),
(39),
(40),
(41),
(42),
(43),
(44),
(45),
(46),
(47),
(48),
(49),
(50),
(51),
(52),
(53),
(54),
(55),
(56),
(57),
(58),
(59),
(60),
(61),
(62),
(63),
(64),
(65),
(66),
(67),
(68),
(69),
(70),
(71),
(72),
(73),
(74),
(75),
(76),
(77),
(78),
(79),
(80),
(81),
(82),
(83),
(84),
(85),
(86),
(87),
(88),
(89),
(90),
(91),
(92),
(93),
(94),
(95),
(96),
(97),
(98),
(99),
(100),
(101),
(102),
(103),
(104),
(105),
(106),
(107),
(108),
(109),
(110),
(111),
(112),
(113),
(114),
(115),
(116),
(117),
(118),
(119),
(120),
(121),
(122),
(123),
(124),
(125),
(126),
(127),
(128),
(129),
(130),
(131),
(132),
(133),
(134),
(135),
(136),
(137),
(138),
(139),
(140),
(141),
(142),
(143),
(144),
(145),
(146),
(147),
(148),
(149),
(150),
(151),
(152),
(153),
(154),
(155),
(156),
(157),
(158),
(159),
(160),
(161),
(162),
(163),
(164),
(165),
(166),
(167),
(168),
(169),
(170),
(171),
(172),
(173),
(174),
(175),
(176),
(177),
(178),
(179),
(180),
(181),
(182),
(183),
(184),
(185),
(186),
(187),
(188),
(189),
(190),
(191),
(192),
(193),
(194),
(195),
(196),
(197),
(198),
(199),
(200);

-- --------------------------------------------------------

--
-- Table structure for table `time`
--

CREATE TABLE `time` (
  `TimeID` int NOT NULL,
  `TimeStart` time DEFAULT NULL,
  `TimeAvailable` tinyint DEFAULT '1'
) ENGINE=InnoDB DEFAULT CHARSET=utf8;

--
-- Dumping data for table `time`
--

INSERT INTO `time` (`TimeID`, `TimeStart`, `TimeAvailable`) VALUES
(1, '10:00:00', 1),
(2, '10:15:00', 1),
(3, '10:30:00', 1),
(4, '10:45:00', 1),
(5, '11:00:00', 1),
(6, '11:15:00', 1),
(7, '11:30:00', 1),
(8, '11:45:00', 1),
(9, '12:00:00', 1),
(10, '12:15:00', 1),
(11, '12:30:00', 1),
(12, '12:45:00', 1),
(13, '13:00:00', 1),
(14, '13:15:00', 1),
(15, '13:30:00', 1),
(16, '13:45:00', 1),
(17, '14:00:00', 1),
(18, '14:15:00', 1),
(19, '14:30:00', 1),
(20, '14:45:00', 1),
(21, '15:00:00', 1),
(22, '15:15:00', 1),
(23, '15:30:00', 1);

-- --------------------------------------------------------

--
-- Table structure for table `user`
--

CREATE TABLE `user` (
  `UserID` int NOT NULL,
  `UserTypeID` int NOT NULL DEFAULT '1',
  `FirstName` varchar(45) CHARACTER SET utf8 COLLATE utf8_general_ci NOT NULL,
  `LastName` varchar(145) NOT NULL,
  `AddressLine1` varchar(9) NOT NULL,
  `AddressLine2` varchar(11) NOT NULL,
  `Postcode` varchar(45) NOT NULL,
  `Email` varchar(100) NOT NULL,
  `Password` varchar(100) DEFAULT NULL,
  `HomePhone` varchar(45) DEFAULT NULL,
  `MobileNumber` varchar(45) DEFAULT NULL,
  `Dateacceptedasauser` varchar(45) DEFAULT NULL,
  `SailingExperienceLevel` varchar(45) DEFAULT NULL,
  `NextofKinName` varchar(45) DEFAULT NULL,
  `NextofKinEmergencyContactNumber` varchar(45) DEFAULT NULL,
  `HealthLimitations` varchar(45) DEFAULT NULL
) ENGINE=InnoDB DEFAULT CHARSET=utf8;

--
-- Dumping data for table `user`
--

INSERT INTO `user` (`UserID`, `UserTypeID`, `FirstName`, `LastName`, `AddressLine1`, `AddressLine2`, `Postcode`, `Email`, `Password`, `HomePhone`, `MobileNumber`, `Dateacceptedasauser`, `SailingExperienceLevel`, `NextofKinName`, `NextofKinEmergencyContactNumber`, `HealthLimitations`) VALUES
(4, 1, 'Test', 'Tesr', 'PE1133D', '1111', '', 'testuser@gmail.com', '$2y$10$w9KGWQJVxMOItUhn0us.g.vFKeHAkpZEFcWwo2zOI.qVK.a2Zd2Ky', NULL, NULL, NULL, NULL, NULL, NULL, NULL),
(10, 4, 'Test', 'Tesr', 'PE1133D', '1111', '', 'ncfcdaniel@outlook.com', '$2y$10$w9KGWQJVxMOItUhn0us.g.vFKeHAkpZEFcWwo2zOI.qVK.a2Zd2Ky', NULL, NULL, NULL, NULL, NULL, NULL, NULL);

-- --------------------------------------------------------

--
-- Table structure for table `usertype`
--

CREATE TABLE `usertype` (
  `UserTypeID` int NOT NULL,
  `UserTypeName` varchar(35) NOT NULL
) ENGINE=InnoDB DEFAULT CHARSET=utf8;

--
-- Dumping data for table `usertype`
--

INSERT INTO `usertype` (`UserTypeID`, `UserTypeName`) VALUES
(1, 'Single'),
(2, 'Group'),
(3, 'Administrator'),
(4, 'Booking Administrator');

--
-- Indexes for dumped tables
--

--
-- Indexes for table `arrivalstatus`
--
ALTER TABLE `arrivalstatus`
  ADD PRIMARY KEY (`ArrivalStatusID`),
  ADD KEY `arrivalstatusindex` (`ArrivalStatusName`);

--
-- Indexes for table `availableboat`
--
ALTER TABLE `availableboat`
  ADD PRIMARY KEY (`AvailableBoatID`),
  ADD KEY `availableboatid` (`BoatID`),
  ADD KEY `boatnumber` (`BoatNumber`);

--
-- Indexes for table `boat`
--
ALTER TABLE `boat`
  ADD PRIMARY KEY (`BoatID`),
  ADD KEY `boatnameindex` (`BoatName`);

--
-- Indexes for table `boattimes`
--
ALTER TABLE `boattimes`
  ADD PRIMARY KEY (`BoatTimeID`),
  ADD KEY `boatidindex` (`BoatID`),
  ADD KEY `timeidindex` (`TimeID`);

--
-- Indexes for table `bookedboats`
--
ALTER TABLE `bookedboats`
  ADD PRIMARY KEY (`BookedBoatsID`),
  ADD KEY `availableboatidindex` (`BoatNumber`),
  ADD KEY `bookingnumberindex` (`BookingNumber`),
  ADD KEY `boatidindex2` (`BoatID`);

--
-- Indexes for table `booking`
--
ALTER TABLE `booking`
  ADD PRIMARY KEY (`BookingNumber`),
  ADD KEY `bookingnumberindex` (`BookingNumber`),
  ADD KEY `useridindex` (`UserID`),
  ADD KEY `arrivalstatusindex` (`ArrivalStatusName`);

--
-- Indexes for table `day`
--
ALTER TABLE `day`
  ADD PRIMARY KEY (`DayID`),
  ADD KEY `dayidindex` (`DayID`);

--
-- Indexes for table `newusers`
--
ALTER TABLE `newusers`
  ADD PRIMARY KEY (`id`);

--
-- Indexes for table `new_table_name`
--
ALTER TABLE `new_table_name`
  ADD PRIMARY KEY (`idtest`);

--
-- Indexes for table `recurringbookings`
--
ALTER TABLE `recurringbookings`
  ADD PRIMARY KEY (`RecurringOptionID`);

--
-- Indexes for table `seasondates`
--
ALTER TABLE `seasondates`
  ADD PRIMARY KEY (`SeasonDatesID`);

--
-- Indexes for table `sparetablefordates`
--
ALTER TABLE `sparetablefordates`
  ADD PRIMARY KEY (`FakeDateID`);

--
-- Indexes for table `time`
--
ALTER TABLE `time`
  ADD PRIMARY KEY (`TimeID`),
  ADD KEY `timestartindex` (`TimeStart`);

--
-- Indexes for table `user`
--
ALTER TABLE `user`
  ADD PRIMARY KEY (`UserID`),
  ADD KEY `useridindex` (`UserID`),
  ADD KEY `usertypeidindex` (`UserTypeID`);

--
-- Indexes for table `usertype`
--
ALTER TABLE `usertype`
  ADD PRIMARY KEY (`UserTypeID`),
  ADD KEY `usertypeidindex` (`UserTypeID`);

--
-- AUTO_INCREMENT for dumped tables
--

--
-- AUTO_INCREMENT for table `availableboat`
--
ALTER TABLE `availableboat`
  MODIFY `AvailableBoatID` int NOT NULL AUTO_INCREMENT, AUTO_INCREMENT=14;

--
-- AUTO_INCREMENT for table `boat`
--
ALTER TABLE `boat`
  MODIFY `BoatID` int NOT NULL AUTO_INCREMENT, AUTO_INCREMENT=4;

--
-- AUTO_INCREMENT for table `boattimes`
--
ALTER TABLE `boattimes`
  MODIFY `BoatTimeID` int NOT NULL AUTO_INCREMENT, AUTO_INCREMENT=29;

--
-- AUTO_INCREMENT for table `newusers`
--
ALTER TABLE `newusers`
  MODIFY `id` int NOT NULL AUTO_INCREMENT;

--
-- AUTO_INCREMENT for table `seasondates`
--
ALTER TABLE `seasondates`
  MODIFY `SeasonDatesID` int NOT NULL AUTO_INCREMENT, AUTO_INCREMENT=2;

--
-- AUTO_INCREMENT for table `sparetablefordates`
--
ALTER TABLE `sparetablefordates`
  MODIFY `FakeDateID` int NOT NULL AUTO_INCREMENT, AUTO_INCREMENT=201;

--
-- AUTO_INCREMENT for table `time`
--
ALTER TABLE `time`
  MODIFY `TimeID` int NOT NULL AUTO_INCREMENT, AUTO_INCREMENT=24;

--
-- AUTO_INCREMENT for table `user`
--
ALTER TABLE `user`
  MODIFY `UserID` int NOT NULL AUTO_INCREMENT, AUTO_INCREMENT=11;

--
-- AUTO_INCREMENT for table `usertype`
--
ALTER TABLE `usertype`
  MODIFY `UserTypeID` int NOT NULL AUTO_INCREMENT, AUTO_INCREMENT=5;

--
-- Constraints for dumped tables
--

--
-- Constraints for table `availableboat`
--
ALTER TABLE `availableboat`
  ADD CONSTRAINT `availableboatid` FOREIGN KEY (`BoatID`) REFERENCES `boat` (`BoatID`);

--
-- Constraints for table `boattimes`
--
ALTER TABLE `boattimes`
  ADD CONSTRAINT `boatidforeignkey` FOREIGN KEY (`BoatID`) REFERENCES `availableboat` (`AvailableBoatID`),
  ADD CONSTRAINT `timeidforeignkey` FOREIGN KEY (`TimeID`) REFERENCES `time` (`TimeID`);

--
-- Constraints for table `bookedboats`
--
ALTER TABLE `bookedboats`
  ADD CONSTRAINT `boatidforeignkey2` FOREIGN KEY (`BoatID`) REFERENCES `boat` (`BoatID`),
  ADD CONSTRAINT `boatnumberforeignkey` FOREIGN KEY (`BoatNumber`) REFERENCES `availableboat` (`BoatNumber`),
  ADD CONSTRAINT `bookingnumberforeignkey` FOREIGN KEY (`BookingNumber`) REFERENCES `booking` (`BookingNumber`);

--
-- Constraints for table `booking`
--
ALTER TABLE `booking`
  ADD CONSTRAINT `arrivalstatusforeignkey` FOREIGN KEY (`ArrivalStatusName`) REFERENCES `arrivalstatus` (`ArrivalStatusName`),
  ADD CONSTRAINT `useridforeignkey` FOREIGN KEY (`UserID`) REFERENCES `user` (`UserID`);

--
-- Constraints for table `user`
--
ALTER TABLE `user`
  ADD CONSTRAINT `usertypeidforeignkey` FOREIGN KEY (`UserTypeID`) REFERENCES `usertype` (`UserTypeID`);
COMMIT;

/*!40101 SET CHARACTER_SET_CLIENT=@OLD_CHARACTER_SET_CLIENT */;
/*!40101 SET CHARACTER_SET_RESULTS=@OLD_CHARACTER_SET_RESULTS */;
/*!40101 SET COLLATION_CONNECTION=@OLD_COLLATION_CONNECTION */;
